Supplier ID,Supplier Name,Contact Person,Contact Number,Address,Shipment ID,Item ID,Item Name,Quantity,Shipment Date,Delivery Date,Shipment Status
S001,Green Farms,John Doe,+880123456789,Dhaka,O001,I001,Laptop,20,2025-01-01,2025-01-05,Delivered
S002,Global Tech,Susan Lim,+880987654321,Chittagong,O002,I002,Smartphone,50,2025-01-02,2025-01-06,In Transit
S003,SteelWorks,David Zhang,+880567890123,Khulna,O003,I003,Steel Rod,80,2025-01-03,2025-01-07,Delivered
S004,Home Essentials,Anna Wright,+880123987654,Dhaka,O004,I004,Toilet Paper,300,2025-01-04,2025-01-08,In Transit
S005,DairyPro,Michael Lee,+880345678912,Barisal,O005,I005,Milk,100,2025-01-05,2025-01-09,Delivered
S006,WoodCraft,Sarah Kim,+880456789123,Sylhet,O006,I006,Chair,15,2025-01-06,2025-01-10,Delivered
S007,FreshMart,Robert Tan,+880678901234,Rangpur,O007,I007,Rice,500,2025-01-07,2025-01-11,In Transit
S008,AutoParts,James Brown,+880789012345,Dhaka,O008,I008,Car Battery,10,2025-01-08,2025-01-12,Delivered
S001,Green Farms,John Doe,+880123456789,Dhaka,O009,I009,Apple,200,2025-01-09,2025-01-13,Delivered
S002,Global Tech,Susan Lim,+880987654321,Chittagong,O010,I010,Desktop,30,2025-01-10,2025-01-14,In Transit
S003,SteelWorks,David Zhang,+880567890123,Khulna,O011,I011,Cement,60,2025-01-11,2025-01-15,Delivered
S004,Home Essentials,Anna Wright,+880123987654,Dhaka,O012,I012,Soap,400,2025-01-12,2025-01-16,Delivered
S005,DairyPro,Michael Lee,+880345678912,Barisal,O013,I013,Cheese,70,2025-01-13,2025-01-17,In Transit
S006,WoodCraft,Sarah Kim,+880456789123,Sylhet,O014,I014,Table,12,2025-01-14,2025-01-18,Delivered
S007,FreshMart,Robert Tan,+880678901234,Rangpur,O015,I015,Wheat,300,2025-01-15,2025-01-19,In Transit
S008,AutoParts,James Brown,+880789012345,Dhaka,O016,I016,Oil,250,2025-01-16,2025-01-20,Delivered
S001,Green Farms,John Doe,+880123456789,Dhaka,O017,I017,Banana,150,2025-01-17,2025-01-21,Delivered
S002,Global Tech,Susan Lim,+880987654321,Chittagong,O018,I018,Mobile Charger,40,2025-01-18,2025-01-22,Delivered
S003,SteelWorks,David Zhang,+880567890123,Khulna,O019,I019,Bricks,500,2025-01-19,2025-01-23,In Transit
S004,Home Essentials,Anna Wright,+880123987654,Dhaka,O020,I020,Shampoo,300,2025-01-20,2025-01-24,Delivered
S005,DairyPro,Michael Lee,+880345678912,Barisal,O021,I021,Yogurt,60,2025-01-21,2025-01-25,In Transit
S006,WoodCraft,Sarah Kim,+880456789123,Sylhet,O022,I022,Bed,8,2025-01-22,2025-01-26,Delivered
S007,FreshMart,Robert Tan,+880678901234,Rangpur,O023,I023,Flour,350,2025-01-23,2025-01-27,In Transit
S008,AutoParts,James Brown,+880789012345,Dhaka,O024,I024,Car Tires,20,2025-01-24,2025-01-28,Delivered
S001,Green Farms,John Doe,+880123456789,Dhaka,O025,I025,Orange,180,2025-01-25,2025-01-29,Delivered
S002,Global Tech,Susan Lim,+880987654321,Chittagong,O026,I026,Tablet,35,2025-01-26,2025-01-30,In Transit
S003,SteelWorks,David Zhang,+880567890123,Khulna,O027,I027,Sand,400,2025-01-27,2025-02-01,Delivered
S004,Home Essentials,Anna Wright,+880123987654,Dhaka,O028,I028,Toothpaste,250,2025-01-28,2025-02-02,In Transit
S005,DairyPro,Michael Lee,+880345678912,Barisal,O029,I029,Butter,40,2025-01-29,2025-02-03,Delivered
S006,WoodCraft,Sarah Kim,+880456789123,Sylhet,O030,I030,TV Stand,10,2025-01-30,2025-02-04,Delivered
S007,FreshMart,Robert Tan,+880678901234,Rangpur,O031,I031,Sugar,100,2025-01-31,2025-02-05,In Transit
S008,AutoParts,James Brown,+880789012345,Dhaka,O032,I032,Headphones,50,2025-02-01,2025-02-06,Delivered
S001,Green Farms,John Doe,+880123456789,Dhaka,O033,I033,Peach,200,2025-02-02,2025-02-07,Delivered
S002,Global Tech,Susan Lim,+880987654321,Chittagong,O034,I034,Concrete,700,2025-02-03,2025-02-08,In Transit
S003,SteelWorks,David Zhang,+880567890123,Khulna,O035,I035,Gravel,600,2025-02-04,2025-02-09,Delivered
S004,Home Essentials,Anna Wright,+880123987654,Dhaka,O036,I036,Detergent,400,2025-02-05,2025-02-10,Delivered
S005,DairyPro,Michael Lee,+880345678912,Barisal,O037,I037,Mop,150,2025-02-06,2025-02-11,In Transit
S006,WoodCraft,Sarah Kim,+880456789123,Sylhet,O038,I038,Paneer,50,2025-02-07,2025-02-12,Delivered
S007,FreshMart,Robert Tan,+880678901234,Rangpur,O039,I039,Pulses,400,2025-02-08,2025-02-13,In Transit
S008,AutoParts,James Brown,+880789012345,Dhaka,O040,I040,Bookshelf,6,2025-02-09,2025-02-14,Delivered
